-- MySQL dump 10.13  Distrib 5.7.39, for Linux (x86_64)
--
-- Host: localhost    Database: mall_wms
-- ------------------------------------------------------
-- Server version	5.7.39

/*!40101 SET @OLD_CHARACTER_SET_CLIENT=@@CHARACTER_SET_CLIENT */;
/*!40101 SET @OLD_CHARACTER_SET_RESULTS=@@CHARACTER_SET_RESULTS */;
/*!40101 SET @OLD_COLLATION_CONNECTION=@@COLLATION_CONNECTION */;
/*!40101 SET NAMES utf8 */;
/*!40103 SET @OLD_TIME_ZONE=@@TIME_ZONE */;
/*!40103 SET TIME_ZONE='+00:00' */;
/*!40014 SET @OLD_UNIQUE_CHECKS=@@UNIQUE_CHECKS, UNIQUE_CHECKS=0 */;
/*!40014 SET @OLD_FOREIGN_KEY_CHECKS=@@FOREIGN_KEY_CHECKS, FOREIGN_KEY_CHECKS=0 */;
/*!40101 SET @OLD_SQL_MODE=@@SQL_MODE, SQL_MODE='NO_AUTO_VALUE_ON_ZERO' */;
/*!40111 SET @OLD_SQL_NOTES=@@SQL_NOTES, SQL_NOTES=0 */;

--
-- Table structure for table `undo_log`
--

DROP TABLE IF EXISTS `undo_log`;
/*!40101 SET @saved_cs_client     = @@character_set_client */;
/*!40101 SET character_set_client = utf8 */;
CREATE TABLE `undo_log` (
  `branch_id` bigint(20) NOT NULL COMMENT 'branch transaction id',
  `xid` varchar(128) NOT NULL COMMENT 'global transaction id',
  `context` varchar(128) NOT NULL COMMENT 'undo_log context,such as serialization',
  `rollback_info` longblob NOT NULL COMMENT 'rollback info',
  `log_status` int(11) NOT NULL COMMENT '0:normal status,1:defense status',
  `log_created` datetime(6) NOT NULL COMMENT 'create datetime',
  `log_modified` datetime(6) NOT NULL COMMENT 'modify datetime',
  UNIQUE KEY `ux_undo_log` (`xid`,`branch_id`)
) ENGINE=InnoDB DEFAULT CHARSET=utf8 COMMENT='AT transaction mode undo table';
/*!40101 SET character_set_client = @saved_cs_client */;

--
-- Dumping data for table `undo_log`
--

LOCK TABLES `undo_log` WRITE;
/*!40000 ALTER TABLE `undo_log` DISABLE KEYS */;
/*!40000 ALTER TABLE `undo_log` ENABLE KEYS */;
UNLOCK TABLES;

--
-- Table structure for table `wms_purchase`
--

DROP TABLE IF EXISTS `wms_purchase`;
/*!40101 SET @saved_cs_client     = @@character_set_client */;
/*!40101 SET character_set_client = utf8 */;
CREATE TABLE `wms_purchase` (
  `id` bigint(20) NOT NULL AUTO_INCREMENT,
  `assignee_id` bigint(20) DEFAULT NULL,
  `assignee_name` varchar(255) DEFAULT NULL,
  `phone` char(13) DEFAULT NULL,
  `priority` int(4) DEFAULT NULL,
  `status` int(4) DEFAULT NULL,
  `ware_id` bigint(20) DEFAULT NULL,
  `amount` decimal(18,4) DEFAULT NULL,
  `create_time` datetime DEFAULT NULL,
  `update_time` datetime DEFAULT NULL,
  PRIMARY KEY (`id`)
) ENGINE=InnoDB AUTO_INCREMENT=9 DEFAULT CHARSET=utf8mb4 COMMENT='采购信息';
/*!40101 SET character_set_client = @saved_cs_client */;

--
-- Dumping data for table `wms_purchase`
--

LOCK TABLES `wms_purchase` WRITE;
/*!40000 ALTER TABLE `wms_purchase` DISABLE KEYS */;
INSERT INTO `wms_purchase` VALUES (8,3,'lqs','17398827615',1,3,NULL,NULL,'2022-09-28 11:47:27','2022-09-28 11:53:27');
/*!40000 ALTER TABLE `wms_purchase` ENABLE KEYS */;
UNLOCK TABLES;

--
-- Table structure for table `wms_purchase_detail`
--

DROP TABLE IF EXISTS `wms_purchase_detail`;
/*!40101 SET @saved_cs_client     = @@character_set_client */;
/*!40101 SET character_set_client = utf8 */;
CREATE TABLE `wms_purchase_detail` (
  `id` bigint(20) NOT NULL AUTO_INCREMENT,
  `purchase_id` bigint(20) DEFAULT NULL COMMENT '采购单id',
  `sku_id` bigint(20) DEFAULT NULL COMMENT '采购商品id',
  `sku_num` int(11) DEFAULT NULL COMMENT '采购数量',
  `sku_price` decimal(18,4) DEFAULT NULL COMMENT '采购金额',
  `ware_id` bigint(20) DEFAULT NULL COMMENT '仓库id',
  `status` int(11) DEFAULT NULL COMMENT '状态[0新建，1已分配，2正在采购，3已完成，4采购失败]',
  PRIMARY KEY (`id`)
) ENGINE=InnoDB AUTO_INCREMENT=20 DEFAULT CHARSET=utf8mb4;
/*!40101 SET character_set_client = @saved_cs_client */;

--
-- Dumping data for table `wms_purchase_detail`
--

LOCK TABLES `wms_purchase_detail` WRITE;
/*!40000 ALTER TABLE `wms_purchase_detail` DISABLE KEYS */;
INSERT INTO `wms_purchase_detail` VALUES (14,8,32,32,NULL,1,3),(15,8,33,33,NULL,1,3),(16,8,34,34,NULL,1,3),(17,8,35,35,NULL,1,3),(18,8,36,36,NULL,1,3),(19,8,37,37,NULL,1,3);
/*!40000 ALTER TABLE `wms_purchase_detail` ENABLE KEYS */;
UNLOCK TABLES;

--
-- Table structure for table `wms_ware_info`
--

DROP TABLE IF EXISTS `wms_ware_info`;
/*!40101 SET @saved_cs_client     = @@character_set_client */;
/*!40101 SET character_set_client = utf8 */;
CREATE TABLE `wms_ware_info` (
  `id` bigint(20) NOT NULL AUTO_INCREMENT COMMENT 'id',
  `name` varchar(255) DEFAULT NULL COMMENT '仓库名',
  `address` varchar(255) DEFAULT NULL COMMENT '仓库地址',
  `areacode` varchar(20) DEFAULT NULL COMMENT '区域编码',
  PRIMARY KEY (`id`)
) ENGINE=InnoDB AUTO_INCREMENT=3 DEFAULT CHARSET=utf8mb4 COMMENT='仓库信息';
/*!40101 SET character_set_client = @saved_cs_client */;

--
-- Dumping data for table `wms_ware_info`
--

LOCK TABLES `wms_ware_info` WRITE;
/*!40000 ALTER TABLE `wms_ware_info` DISABLE KEYS */;
INSERT INTO `wms_ware_info` VALUES (1,'成都仓库','1','1111'),(2,'上海仓库','2','2222');
/*!40000 ALTER TABLE `wms_ware_info` ENABLE KEYS */;
UNLOCK TABLES;

--
-- Table structure for table `wms_ware_order_task`
--

DROP TABLE IF EXISTS `wms_ware_order_task`;
/*!40101 SET @saved_cs_client     = @@character_set_client */;
/*!40101 SET character_set_client = utf8 */;
CREATE TABLE `wms_ware_order_task` (
  `id` bigint(20) NOT NULL AUTO_INCREMENT COMMENT 'id',
  `order_id` bigint(20) DEFAULT NULL COMMENT 'order_id',
  `order_sn` varchar(255) DEFAULT NULL COMMENT 'order_sn',
  `consignee` varchar(100) DEFAULT NULL COMMENT '收货人',
  `consignee_tel` char(15) DEFAULT NULL COMMENT '收货人电话',
  `delivery_address` varchar(500) DEFAULT NULL COMMENT '配送地址',
  `order_comment` varchar(200) DEFAULT NULL COMMENT '订单备注',
  `payment_way` tinyint(1) DEFAULT NULL COMMENT '付款方式【 1:在线付款 2:货到付款】',
  `task_status` tinyint(2) DEFAULT NULL COMMENT '任务状态',
  `order_body` varchar(255) DEFAULT NULL COMMENT '订单描述',
  `tracking_no` char(30) DEFAULT NULL COMMENT '物流单号',
  `create_time` datetime DEFAULT NULL COMMENT 'create_time',
  `ware_id` bigint(20) DEFAULT NULL COMMENT '仓库id',
  `task_comment` varchar(500) DEFAULT NULL COMMENT '工作单备注',
  PRIMARY KEY (`id`)
) ENGINE=InnoDB AUTO_INCREMENT=73 DEFAULT CHARSET=utf8mb4 COMMENT='库存工作单';
/*!40101 SET character_set_client = @saved_cs_client */;

--
-- Dumping data for table `wms_ware_order_task`
--

LOCK TABLES `wms_ware_order_task` WRITE;
/*!40000 ALTER TABLE `wms_ware_order_task` DISABLE KEYS */;
INSERT INTO `wms_ware_order_task` VALUES (62,NULL,'202301121635420681613454659702452226',NULL,NULL,NULL,NULL,NULL,NULL,NULL,NULL,NULL,NULL,NULL),(63,NULL,'202301121642112971613456292247203841',NULL,NULL,NULL,NULL,NULL,NULL,NULL,NULL,NULL,NULL,NULL),(64,NULL,'202301121656131601613459823280713729',NULL,NULL,NULL,NULL,NULL,NULL,NULL,NULL,NULL,NULL,NULL),(65,NULL,'202301121658432121613460452644417537',NULL,NULL,NULL,NULL,NULL,NULL,NULL,NULL,NULL,NULL,NULL),(66,NULL,'202301121756313901613474999241474050',NULL,NULL,NULL,NULL,NULL,NULL,NULL,NULL,NULL,NULL,NULL),(67,NULL,'202301121758047531613475390821695490',NULL,NULL,NULL,NULL,NULL,NULL,NULL,NULL,NULL,NULL,NULL),(68,NULL,'202301121946346431613502695287783426',NULL,NULL,NULL,NULL,NULL,NULL,NULL,NULL,NULL,NULL,NULL),(69,NULL,'202301122040026611613516150682124290',NULL,NULL,NULL,NULL,NULL,NULL,NULL,NULL,NULL,NULL,NULL),(70,NULL,'202301122040475551613516338985402369',NULL,NULL,NULL,NULL,NULL,NULL,NULL,NULL,NULL,NULL,NULL),(71,NULL,'202301122041467721613516587355308033',NULL,NULL,NULL,NULL,NULL,NULL,NULL,NULL,NULL,NULL,NULL),(72,NULL,'202301131023067131613723282417315842',NULL,NULL,NULL,NULL,NULL,NULL,NULL,NULL,NULL,NULL,NULL);
/*!40000 ALTER TABLE `wms_ware_order_task` ENABLE KEYS */;
UNLOCK TABLES;

--
-- Table structure for table `wms_ware_order_task_detail`
--

DROP TABLE IF EXISTS `wms_ware_order_task_detail`;
/*!40101 SET @saved_cs_client     = @@character_set_client */;
/*!40101 SET character_set_client = utf8 */;
CREATE TABLE `wms_ware_order_task_detail` (
  `id` bigint(20) NOT NULL AUTO_INCREMENT COMMENT 'id',
  `sku_id` bigint(20) DEFAULT NULL COMMENT 'sku_id',
  `sku_name` varchar(255) DEFAULT NULL COMMENT 'sku_name',
  `sku_num` int(11) DEFAULT NULL COMMENT '购买个数',
  `task_id` bigint(20) DEFAULT NULL COMMENT '工作单id',
  `ware_id` bigint(20) DEFAULT NULL COMMENT '仓库id',
  `lock_status` int(1) DEFAULT NULL COMMENT '0-已锁定  1-已解锁  2-扣减',
  PRIMARY KEY (`id`)
) ENGINE=InnoDB AUTO_INCREMENT=130 DEFAULT CHARSET=utf8mb4 COMMENT='库存工作单';
/*!40101 SET character_set_client = @saved_cs_client */;

--
-- Dumping data for table `wms_ware_order_task_detail`
--

LOCK TABLES `wms_ware_order_task_detail` WRITE;
/*!40000 ALTER TABLE `wms_ware_order_task_detail` DISABLE KEYS */;
INSERT INTO `wms_ware_order_task_detail` VALUES (116,35,'',1,62,1,2),(117,32,'',1,62,1,2),(118,34,'',1,63,1,1),(119,34,'',1,64,1,2),(120,32,'',1,65,1,2),(121,34,'',1,66,1,1),(122,34,'',1,67,1,2),(123,32,'',1,68,1,1),(124,35,'',2,69,1,1),(125,32,'',2,69,1,1),(126,35,'',2,70,1,1),(127,32,'',1,70,1,1),(128,36,'',1,71,1,1),(129,36,'',1,72,1,1);
/*!40000 ALTER TABLE `wms_ware_order_task_detail` ENABLE KEYS */;
UNLOCK TABLES;

--
-- Table structure for table `wms_ware_sku`
--

DROP TABLE IF EXISTS `wms_ware_sku`;
/*!40101 SET @saved_cs_client     = @@character_set_client */;
/*!40101 SET character_set_client = utf8 */;
CREATE TABLE `wms_ware_sku` (
  `id` bigint(20) NOT NULL AUTO_INCREMENT COMMENT 'id',
  `sku_id` bigint(20) DEFAULT NULL COMMENT 'sku_id',
  `ware_id` bigint(20) DEFAULT NULL COMMENT '仓库id',
  `stock` int(11) DEFAULT NULL COMMENT '库存数',
  `sku_name` varchar(200) DEFAULT NULL COMMENT 'sku_name',
  `stock_locked` int(11) DEFAULT '0' COMMENT '锁定库存',
  PRIMARY KEY (`id`),
  KEY `sku_id` (`sku_id`) USING BTREE,
  KEY `ware_id` (`ware_id`) USING BTREE
) ENGINE=InnoDB AUTO_INCREMENT=17 DEFAULT CHARSET=utf8mb4 COMMENT='商品库存';
/*!40101 SET character_set_client = @saved_cs_client */;

--
-- Dumping data for table `wms_ware_sku`
--

LOCK TABLES `wms_ware_sku` WRITE;
/*!40000 ALTER TABLE `wms_ware_sku` DISABLE KEYS */;
INSERT INTO `wms_ware_sku` VALUES (11,32,1,3,'XiaoMi12x 蓝色 12+128',0),(12,33,1,5,'XiaoMi12x 蓝色 12+256',0),(13,34,1,3,'XiaoMi12x 黑色 12+128',0),(14,35,1,4,'XiaoMi12x 黑色 12+256',0),(15,36,1,5,'XiaoMi12x 白色 12+128',0),(16,37,1,5,'XiaoMi12x 白色 12+256',0);
/*!40000 ALTER TABLE `wms_ware_sku` ENABLE KEYS */;
UNLOCK TABLES;
/*!40103 SET TIME_ZONE=@OLD_TIME_ZONE */;

/*!40101 SET SQL_MODE=@OLD_SQL_MODE */;
/*!40014 SET FOREIGN_KEY_CHECKS=@OLD_FOREIGN_KEY_CHECKS */;
/*!40014 SET UNIQUE_CHECKS=@OLD_UNIQUE_CHECKS */;
/*!40101 SET CHARACTER_SET_CLIENT=@OLD_CHARACTER_SET_CLIENT */;
/*!40101 SET CHARACTER_SET_RESULTS=@OLD_CHARACTER_SET_RESULTS */;
/*!40101 SET COLLATION_CONNECTION=@OLD_COLLATION_CONNECTION */;
/*!40111 SET SQL_NOTES=@OLD_SQL_NOTES */;

-- Dump completed on 2023-01-13  7:55:39
